﻿<?xml version="1.0" encoding="UTF-8"?>
<Activities_Timetable>
<Activity>
	<Id>3</Id>
	<Day>Sexta-feira</Day>
	<Hour>9h10-10h00min</Hour>
	<Room></Room>
</Activity>
<Activity>
	<Id>5</Id>
	<Day>Sexta-feira</Day>
	<Hour>10h20-11h10min</Hour>
	<Room></Room>
</Activity>
<Activity>
	<Id>6</Id>
	<Day>Sexta-feira</Day>
	<Hour>13h20-14h10min</Hour>
	<Room></Room>
</Activity>
<Activity>
	<Id>7</Id>
	<Day>Quinta-feira</Day>
	<Hour>15h20-16h10min</Hour>
	<Room></Room>
</Activity>
<Activity>
	<Id>8</Id>
	<Day>Quinta-feira</Day>
	<Hour>9h10-10h00min</Hour>
	<Room>Ginásio</Room>
</Activity>
<Activity>
	<Id>9</Id>
	<Day>Quinta-feira</Day>
	<Hour>16h10-17h00min</Hour>
	<Room>Ginásio</Room>
</Activity>
<Activity>
	<Id>10</Id>
	<Day>Terça-feira</Day>
	<Hour>16h10-17h00min</Hour>
	<Room>Ginásio</Room>
</Activity>
<Activity>
	<Id>11</Id>
	<Day>Quinta-feira</Day>
	<Hour>07h30-8h20min</Hour>
	<Room>Ginásio</Room>
</Activity>
<Activity>
	<Id>12</Id>
	<Day>Quarta-feira</Day>
	<Hour>17h00-17h50min </Hour>
	<Room>Ginásio</Room>
</Activity>
<Activity>
	<Id>13</Id>
	<Day>Quarta-feira</Day>
	<Hour>13h20-14h10min</Hour>
	<Room>Ginásio</Room>
</Activity>
<Activity>
	<Id>14</Id>
	<Day>Terça-feira</Day>
	<Hour>9h10-10h00min</Hour>
	<Room>Ginásio</Room>
</Activity>
<Activity>
	<Id>15</Id>
	<Day>Segunda-feira</Day>
	<Hour>8h20-9h10min</Hour>
	<Room>Ginásio</Room>
</Activity>
<Activity>
	<Id>16</Id>
	<Day>Quarta-feira</Day>
	<Hour>15h20-16h10min</Hour>
	<Room>Ginásio</Room>
</Activity>
<Activity>
	<Id>17</Id>
	<Day>Segunda-feira</Day>
	<Hour>15h20-16h10min</Hour>
	<Room>Ginásio</Room>
</Activity>
<Activity>
	<Id>18</Id>
	<Day>Quarta-feira</Day>
	<Hour>9h10-10h00min</Hour>
	<Room>Ginásio</Room>
</Activity>
<Activity>
	<Id>19</Id>
	<Day>Terça-feira</Day>
	<Hour>14h10-15h00min</Hour>
	<Room>Ginásio</Room>
</Activity>
<Activity>
	<Id>20</Id>
	<Day>Quarta-feira</Day>
	<Hour>07h30-8h20min</Hour>
	<Room>Ginásio</Room>
</Activity>
<Activity>
	<Id>21</Id>
	<Day>Segunda-feira</Day>
	<Hour>13h20-14h10min</Hour>
	<Room>Ginásio</Room>
</Activity>
<Activity>
	<Id>24</Id>
	<Day>Quarta-feira</Day>
	<Hour>16h10-17h00min</Hour>
	<Room></Room>
</Activity>
<Activity>
	<Id>25</Id>
	<Day>Segunda-feira</Day>
	<Hour>14h10-15h00min</Hour>
	<Room></Room>
</Activity>
<Activity>
	<Id>26</Id>
	<Day>Terça-feira</Day>
	<Hour>07h30-8h20min</Hour>
	<Room></Room>
</Activity>
<Activity>
	<Id>27</Id>
	<Day>Segunda-feira</Day>
	<Hour>9h10-10h00min</Hour>
	<Room></Room>
</Activity>
<Activity>
	<Id>28</Id>
	<Day>Segunda-feira</Day>
	<Hour>14h10-15h00min</Hour>
	<Room></Room>
</Activity>
<Activity>
	<Id>29</Id>
	<Day>Terça-feira</Day>
	<Hour>13h20-14h10min</Hour>
	<Room></Room>
</Activity>
<Activity>
	<Id>30</Id>
	<Day>Quarta-feira</Day>
	<Hour>8h20-9h10min</Hour>
	<Room></Room>
</Activity>
<Activity>
	<Id>31</Id>
	<Day>Quarta-feira</Day>
	<Hour>13h20-14h10min</Hour>
	<Room></Room>
</Activity>
<Activity>
	<Id>32</Id>
	<Day>Terça-feira</Day>
	<Hour>16h10-17h00min</Hour>
	<Room></Room>
</Activity>
<Activity>
	<Id>33</Id>
	<Day>Segunda-feira</Day>
	<Hour>16h10-17h00min</Hour>
	<Room></Room>
</Activity>
<Activity>
	<Id>34</Id>
	<Day>Segunda-feira</Day>
	<Hour>9h10-10h00min</Hour>
	<Room></Room>
</Activity>
<Activity>
	<Id>35</Id>
	<Day>Segunda-feira</Day>
	<Hour>11h10-12h00min</Hour>
	<Room></Room>
</Activity>
<Activity>
	<Id>36</Id>
	<Day>Terça-feira</Day>
	<Hour>14h10-15h00min</Hour>
	<Room></Room>
</Activity>
<Activity>
	<Id>37</Id>
	<Day>Terça-feira</Day>
	<Hour>11h10-12h00min</Hour>
	<Room></Room>
</Activity>
<Activity>
	<Id>38</Id>
	<Day>Quinta-feira</Day>
	<Hour>13h20-14h10min</Hour>
	<Room></Room>
</Activity>
<Activity>
	<Id>39</Id>
	<Day>Quinta-feira</Day>
	<Hour>10h20-11h10min</Hour>
	<Room></Room>
</Activity>
<Activity>
	<Id>40</Id>
	<Day>Terça-feira</Day>
	<Hour>07h30-8h20min</Hour>
	<Room></Room>
</Activity>
<Activity>
	<Id>41</Id>
	<Day>Quinta-feira</Day>
	<Hour>07h30-8h20min</Hour>
	<Room></Room>
</Activity>
<Activity>
	<Id>42</Id>
	<Day>Quarta-feira</Day>
	<Hour>16h10-17h00min</Hour>
	<Room></Room>
</Activity>
<Activity>
	<Id>43</Id>
	<Day>Quarta-feira</Day>
	<Hour>10h20-11h10min</Hour>
	<Room></Room>
</Activity>
<Activity>
	<Id>44</Id>
	<Day>Terça-feira</Day>
	<Hour>9h10-10h00min</Hour>
	<Room></Room>
</Activity>
<Activity>
	<Id>45</Id>
	<Day>Quinta-feira</Day>
	<Hour>16h10-17h00min</Hour>
	<Room></Room>
</Activity>
<Activity>
	<Id>46</Id>
	<Day>Terça-feira</Day>
	<Hour>16h10-17h00min</Hour>
	<Room></Room>
</Activity>
<Activity>
	<Id>47</Id>
	<Day>Quarta-feira</Day>
	<Hour>07h30-8h20min</Hour>
	<Room></Room>
</Activity>
<Activity>
	<Id>48</Id>
	<Day>Quinta-feira</Day>
	<Hour>9h10-10h00min</Hour>
	<Room></Room>
</Activity>
<Activity>
	<Id>49</Id>
	<Day>Terça-feira</Day>
	<Hour>07h30-8h20min</Hour>
	<Room></Room>
</Activity>
<Activity>
	<Id>50</Id>
	<Day>Quarta-feira</Day>
	<Hour>9h10-10h00min</Hour>
	<Room></Room>
</Activity>
<Activity>
	<Id>51</Id>
	<Day>Quinta-feira</Day>
	<Hour>15h20-16h10min</Hour>
	<Room></Room>
</Activity>
<Activity>
	<Id>52</Id>
	<Day>Sexta-feira</Day>
	<Hour>9h10-10h00min</Hour>
	<Room></Room>
</Activity>
<Activity>
	<Id>53</Id>
	<Day>Quinta-feira</Day>
	<Hour>07h30-8h20min</Hour>
	<Room></Room>
</Activity>
<Activity>
	<Id>54</Id>
	<Day>Quinta-feira</Day>
	<Hour>10h20-11h10min</Hour>
	<Room></Room>
</Activity>
<Activity>
	<Id>55</Id>
	<Day>Sexta-feira</Day>
	<Hour>07h30-8h20min</Hour>
	<Room></Room>
</Activity>
<Activity>
	<Id>56</Id>
	<Day>Segunda-feira</Day>
	<Hour>16h10-17h00min</Hour>
	<Room></Room>
</Activity>
<Activity>
	<Id>57</Id>
	<Day>Sexta-feira</Day>
	<Hour>9h10-10h00min</Hour>
	<Room></Room>
</Activity>
<Activity>
	<Id>58</Id>
	<Day>Quarta-feira</Day>
	<Hour>14h10-15h00min</Hour>
	<Room></Room>
</Activity>
<Activity>
	<Id>59</Id>
	<Day>Quinta-feira</Day>
	<Hour>10h20-11h10min</Hour>
	<Room></Room>
</Activity>
<Activity>
	<Id>60</Id>
	<Day>Quarta-feira</Day>
	<Hour>07h30-8h20min</Hour>
	<Room></Room>
</Activity>
<Activity>
	<Id>61</Id>
	<Day>Quarta-feira</Day>
	<Hour>15h20-16h10min</Hour>
	<Room></Room>
</Activity>
<Activity>
	<Id>66</Id>
	<Day>Terça-feira</Day>
	<Hour>15h20-16h10min</Hour>
	<Room></Room>
</Activity>
<Activity>
	<Id>67</Id>
	<Day>Terça-feira</Day>
	<Hour>11h10-12h00min</Hour>
	<Room></Room>
</Activity>
<Activity>
	<Id>68</Id>
	<Day>Terça-feira</Day>
	<Hour>9h10-10h00min</Hour>
	<Room></Room>
</Activity>
<Activity>
	<Id>69</Id>
	<Day>Quinta-feira</Day>
	<Hour>14h10-15h00min</Hour>
	<Room></Room>
</Activity>
<Activity>
	<Id>70</Id>
	<Day>Quarta-feira</Day>
	<Hour>10h20-11h10min</Hour>
	<Room></Room>
</Activity>
<Activity>
	<Id>71</Id>
	<Day>Terça-feira</Day>
	<Hour>11h10-12h00min</Hour>
	<Room></Room>
</Activity>
<Activity>
	<Id>72</Id>
	<Day>Quarta-feira</Day>
	<Hour>15h20-16h10min</Hour>
	<Room></Room>
</Activity>
<Activity>
	<Id>73</Id>
	<Day>Quarta-feira</Day>
	<Hour>10h20-11h10min</Hour>
	<Room></Room>
</Activity>
<Activity>
	<Id>75</Id>
	<Day>Terça-feira</Day>
	<Hour>17h00-17h50min </Hour>
	<Room></Room>
</Activity>
<Activity>
	<Id>76</Id>
	<Day>Quarta-feira</Day>
	<Hour>8h20-9h10min</Hour>
	<Room></Room>
</Activity>
<Activity>
	<Id>77</Id>
	<Day>Terça-feira</Day>
	<Hour>15h20-16h10min</Hour>
	<Room></Room>
</Activity>
<Activity>
	<Id>79</Id>
	<Day>Segunda-feira</Day>
	<Hour>10h20-11h10min</Hour>
	<Room></Room>
</Activity>
<Activity>
	<Id>82</Id>
	<Day>Terça-feira</Day>
	<Hour>13h20-14h10min</Hour>
	<Room></Room>
</Activity>
<Activity>
	<Id>85</Id>
	<Day>Terça-feira</Day>
	<Hour>10h20-11h10min</Hour>
	<Room></Room>
</Activity>
<Activity>
	<Id>86</Id>
	<Day>Terça-feira</Day>
	<Hour>8h20-9h10min</Hour>
	<Room></Room>
</Activity>
<Activity>
	<Id>89</Id>
	<Day>Sexta-feira</Day>
	<Hour>17h00-17h50min </Hour>
	<Room></Room>
</Activity>
<Activity>
	<Id>90</Id>
	<Day>Quinta-feira</Day>
	<Hour>16h10-17h00min</Hour>
	<Room></Room>
</Activity>
<Activity>
	<Id>91</Id>
	<Day>Quarta-feira</Day>
	<Hour>07h30-8h20min</Hour>
	<Room></Room>
</Activity>
<Activity>
	<Id>92</Id>
	<Day>Quarta-feira</Day>
	<Hour>8h20-9h10min</Hour>
	<Room></Room>
</Activity>
<Activity>
	<Id>93</Id>
	<Day>Quinta-feira</Day>
	<Hour>13h20-14h10min</Hour>
	<Room></Room>
</Activity>
<Activity>
	<Id>94</Id>
	<Day>Terça-feira</Day>
	<Hour>14h10-15h00min</Hour>
	<Room></Room>
</Activity>
<Activity>
	<Id>95</Id>
	<Day>Terça-feira</Day>
	<Hour>16h10-17h00min</Hour>
	<Room></Room>
</Activity>
<Activity>
	<Id>96</Id>
	<Day>Quarta-feira</Day>
	<Hour>10h20-11h10min</Hour>
	<Room></Room>
</Activity>
<Activity>
	<Id>97</Id>
	<Day>Quarta-feira</Day>
	<Hour>14h10-15h00min</Hour>
	<Room></Room>
</Activity>
<Activity>
	<Id>99</Id>
	<Day>Quarta-feira</Day>
	<Hour>07h30-8h20min</Hour>
	<Room></Room>
</Activity>
<Activity>
	<Id>100</Id>
	<Day>Quarta-feira</Day>
	<Hour>9h10-10h00min</Hour>
	<Room></Room>
</Activity>
<Activity>
	<Id>101</Id>
	<Day>Terça-feira</Day>
	<Hour>17h00-17h50min </Hour>
	<Room></Room>
</Activity>
<Activity>
	<Id>102</Id>
	<Day>Quinta-feira</Day>
	<Hour>15h20-16h10min</Hour>
	<Room></Room>
</Activity>
<Activity>
	<Id>103</Id>
	<Day>Quarta-feira</Day>
	<Hour>14h10-15h00min</Hour>
	<Room></Room>
</Activity>
<Activity>
	<Id>106</Id>
	<Day>Segunda-feira</Day>
	<Hour>07h30-8h20min</Hour>
	<Room></Room>
</Activity>
<Activity>
	<Id>107</Id>
	<Day>Terça-feira</Day>
	<Hour>07h30-8h20min</Hour>
	<Room></Room>
</Activity>
<Activity>
	<Id>108</Id>
	<Day>Quarta-feira</Day>
	<Hour>13h20-14h10min</Hour>
	<Room></Room>
</Activity>
<Activity>
	<Id>109</Id>
	<Day>Segunda-feira</Day>
	<Hour>16h10-17h00min</Hour>
	<Room></Room>
</Activity>
<Activity>
	<Id>110</Id>
	<Day>Terça-feira</Day>
	<Hour>14h10-15h00min</Hour>
	<Room></Room>
</Activity>
<Activity>
	<Id>111</Id>
	<Day>Segunda-feira</Day>
	<Hour>9h10-10h00min</Hour>
	<Room></Room>
</Activity>
<Activity>
	<Id>112</Id>
	<Day>Terça-feira</Day>
	<Hour>16h10-17h00min</Hour>
	<Room></Room>
</Activity>
<Activity>
	<Id>113</Id>
	<Day>Segunda-feira</Day>
	<Hour>15h20-16h10min</Hour>
	<Room></Room>
</Activity>
<Activity>
	<Id>114</Id>
	<Day>Terça-feira</Day>
	<Hour>10h20-11h10min</Hour>
	<Room></Room>
</Activity>
<Activity>
	<Id>115</Id>
	<Day>Quarta-feira</Day>
	<Hour>14h10-15h00min</Hour>
	<Room></Room>
</Activity>
<Activity>
	<Id>116</Id>
	<Day>Terça-feira</Day>
	<Hour>10h20-11h10min</Hour>
	<Room></Room>
</Activity>
<Activity>
	<Id>117</Id>
	<Day>Sexta-feira</Day>
	<Hour>16h10-17h00min</Hour>
	<Room></Room>
</Activity>
<Activity>
	<Id>118</Id>
	<Day>Quinta-feira</Day>
	<Hour>07h30-8h20min</Hour>
	<Room></Room>
</Activity>
<Activity>
	<Id>119</Id>
	<Day>Segunda-feira</Day>
	<Hour>13h20-14h10min</Hour>
	<Room></Room>
</Activity>
<Activity>
	<Id>120</Id>
	<Day>Sexta-feira</Day>
	<Hour>14h10-15h00min</Hour>
	<Room></Room>
</Activity>
<Activity>
	<Id>121</Id>
	<Day>Terça-feira</Day>
	<Hour>07h30-8h20min</Hour>
	<Room></Room>
</Activity>
<Activity>
	<Id>122</Id>
	<Day>Quinta-feira</Day>
	<Hour>9h10-10h00min</Hour>
	<Room></Room>
</Activity>
<Activity>
	<Id>123</Id>
	<Day>Terça-feira</Day>
	<Hour>9h10-10h00min</Hour>
	<Room></Room>
</Activity>
<Activity>
	<Id>124</Id>
	<Day>Quinta-feira</Day>
	<Hour>10h20-11h10min</Hour>
	<Room></Room>
</Activity>
<Activity>
	<Id>125</Id>
	<Day>Quarta-feira</Day>
	<Hour>13h20-14h10min</Hour>
	<Room></Room>
</Activity>
<Activity>
	<Id>126</Id>
	<Day>Sexta-feira</Day>
	<Hour>13h20-14h10min</Hour>
	<Room></Room>
</Activity>
<Activity>
	<Id>127</Id>
	<Day>Segunda-feira</Day>
	<Hour>17h00-17h50min </Hour>
	<Room></Room>
</Activity>
<Activity>
	<Id>128</Id>
	<Day>Quarta-feira</Day>
	<Hour>17h00-17h50min </Hour>
	<Room></Room>
</Activity>
<Activity>
	<Id>129</Id>
	<Day>Quinta-feira</Day>
	<Hour>15h20-16h10min</Hour>
	<Room></Room>
</Activity>
<Activity>
	<Id>130</Id>
	<Day>Quarta-feira</Day>
	<Hour>15h20-16h10min</Hour>
	<Room></Room>
</Activity>
<Activity>
	<Id>131</Id>
	<Day>Quinta-feira</Day>
	<Hour>8h20-9h10min</Hour>
	<Room></Room>
</Activity>
<Activity>
	<Id>132</Id>
	<Day>Quarta-feira</Day>
	<Hour>17h00-17h50min </Hour>
	<Room></Room>
</Activity>
<Activity>
	<Id>133</Id>
	<Day>Quarta-feira</Day>
	<Hour>13h20-14h10min</Hour>
	<Room></Room>
</Activity>
<Activity>
	<Id>134</Id>
	<Day>Quinta-feira</Day>
	<Hour>17h00-17h50min </Hour>
	<Room></Room>
</Activity>
<Activity>
	<Id>135</Id>
	<Day>Quarta-feira</Day>
	<Hour>11h10-12h00min</Hour>
	<Room></Room>
</Activity>
<Activity>
	<Id>136</Id>
	<Day>Quinta-feira</Day>
	<Hour>14h10-15h00min</Hour>
	<Room></Room>
</Activity>
<Activity>
	<Id>137</Id>
	<Day>Quinta-feira</Day>
	<Hour>11h10-12h00min</Hour>
	<Room></Room>
</Activity>
<Activity>
	<Id>138</Id>
	<Day>Quarta-feira</Day>
	<Hour>07h30-8h20min</Hour>
	<Room></Room>
</Activity>
<Activity>
	<Id>139</Id>
	<Day>Terça-feira</Day>
	<Hour>13h20-14h10min</Hour>
	<Room></Room>
</Activity>
<Activity>
	<Id>140</Id>
	<Day>Quarta-feira</Day>
	<Hour>9h10-10h00min</Hour>
	<Room></Room>
</Activity>
<Activity>
	<Id>141</Id>
	<Day>Terça-feira</Day>
	<Hour>07h30-8h20min</Hour>
	<Room></Room>
</Activity>
<Activity>
	<Id>142</Id>
	<Day>Segunda-feira</Day>
	<Hour>13h20-14h10min</Hour>
	<Room></Room>
</Activity>
<Activity>
	<Id>143</Id>
	<Day>Terça-feira</Day>
	<Hour>9h10-10h00min</Hour>
	<Room></Room>
</Activity>
<Activity>
	<Id>144</Id>
	<Day>Segunda-feira</Day>
	<Hour>11h10-12h00min</Hour>
	<Room></Room>
</Activity>
<Activity>
	<Id>145</Id>
	<Day>Segunda-feira</Day>
	<Hour>15h20-16h10min</Hour>
	<Room></Room>
</Activity>
<Activity>
	<Id>146</Id>
	<Day>Segunda-feira</Day>
	<Hour>17h00-17h50min </Hour>
	<Room></Room>
</Activity>
<Activity>
	<Id>147</Id>
	<Day>Segunda-feira</Day>
	<Hour>9h10-10h00min</Hour>
	<Room></Room>
</Activity>
<Activity>
	<Id>149</Id>
	<Day>Terça-feira</Day>
	<Hour>11h10-12h00min</Hour>
	<Room></Room>
</Activity>
<Activity>
	<Id>150</Id>
	<Day>Segunda-feira</Day>
	<Hour>14h10-15h00min</Hour>
	<Room></Room>
</Activity>
<Activity>
	<Id>151</Id>
	<Day>Sexta-feira</Day>
	<Hour>07h30-8h20min</Hour>
	<Room></Room>
</Activity>
<Activity>
	<Id>152</Id>
	<Day>Sexta-feira</Day>
	<Hour>15h20-16h10min</Hour>
	<Room></Room>
</Activity>
<Activity>
	<Id>153</Id>
	<Day>Quarta-feira</Day>
	<Hour>07h30-8h20min</Hour>
	<Room></Room>
</Activity>
<Activity>
	<Id>154</Id>
	<Day>Quarta-feira</Day>
	<Hour>11h10-12h00min</Hour>
	<Room></Room>
</Activity>
<Activity>
	<Id>155</Id>
	<Day>Quinta-feira</Day>
	<Hour>9h10-10h00min</Hour>
	<Room></Room>
</Activity>
<Activity>
	<Id>156</Id>
	<Day>Sexta-feira</Day>
	<Hour>11h10-12h00min</Hour>
	<Room></Room>
</Activity>
<Activity>
	<Id>157</Id>
	<Day>Quinta-feira</Day>
	<Hour>07h30-8h20min</Hour>
	<Room></Room>
</Activity>
<Activity>
	<Id>158</Id>
	<Day>Sexta-feira</Day>
	<Hour>10h20-11h10min</Hour>
	<Room></Room>
</Activity>
<Activity>
	<Id>159</Id>
	<Day>Quarta-feira</Day>
	<Hour>9h10-10h00min</Hour>
	<Room></Room>
</Activity>
<Activity>
	<Id>160</Id>
	<Day>Quinta-feira</Day>
	<Hour>13h20-14h10min</Hour>
	<Room></Room>
</Activity>
<Activity>
	<Id>161</Id>
	<Day>Quarta-feira</Day>
	<Hour>15h20-16h10min</Hour>
	<Room></Room>
</Activity>
<Activity>
	<Id>162</Id>
	<Day>Terça-feira</Day>
	<Hour>9h10-10h00min</Hour>
	<Room></Room>
</Activity>
<Activity>
	<Id>163</Id>
	<Day>Quinta-feira</Day>
	<Hour>9h10-10h00min</Hour>
	<Room></Room>
</Activity>
<Activity>
	<Id>164</Id>
	<Day>Quinta-feira</Day>
	<Hour>13h20-14h10min</Hour>
	<Room></Room>
</Activity>
<Activity>
	<Id>165</Id>
	<Day>Terça-feira</Day>
	<Hour>15h20-16h10min</Hour>
	<Room></Room>
</Activity>
<Activity>
	<Id>166</Id>
	<Day>Quarta-feira</Day>
	<Hour>10h20-11h10min</Hour>
	<Room></Room>
</Activity>
<Activity>
	<Id>167</Id>
	<Day>Quinta-feira</Day>
	<Hour>10h20-11h10min</Hour>
	<Room></Room>
</Activity>
<Activity>
	<Id>168</Id>
	<Day>Quarta-feira</Day>
	<Hour>15h20-16h10min</Hour>
	<Room></Room>
</Activity>
<Activity>
	<Id>169</Id>
	<Day>Quinta-feira</Day>
	<Hour>07h30-8h20min</Hour>
	<Room></Room>
</Activity>
<Activity>
	<Id>170</Id>
	<Day>Terça-feira</Day>
	<Hour>11h10-12h00min</Hour>
	<Room></Room>
</Activity>
<Activity>
	<Id>171</Id>
	<Day>Terça-feira</Day>
	<Hour>14h10-15h00min</Hour>
	<Room></Room>
</Activity>
<Activity>
	<Id>172</Id>
	<Day>Quarta-feira</Day>
	<Hour>13h20-14h10min</Hour>
	<Room></Room>
</Activity>
<Activity>
	<Id>173</Id>
	<Day>Terça-feira</Day>
	<Hour>07h30-8h20min</Hour>
	<Room></Room>
</Activity>
<Activity>
	<Id>174</Id>
	<Day>Quarta-feira</Day>
	<Hour>07h30-8h20min</Hour>
	<Room></Room>
</Activity>
<Activity>
	<Id>176</Id>
	<Day>Terça-feira</Day>
	<Hour>07h30-8h20min</Hour>
	<Room></Room>
</Activity>
<Activity>
	<Id>177</Id>
	<Day>Quarta-feira</Day>
	<Hour>11h10-12h00min</Hour>
	<Room></Room>
</Activity>
<Activity>
	<Id>178</Id>
	<Day>Quarta-feira</Day>
	<Hour>16h10-17h00min</Hour>
	<Room></Room>
</Activity>
<Activity>
	<Id>179</Id>
	<Day>Terça-feira</Day>
	<Hour>9h10-10h00min</Hour>
	<Room></Room>
</Activity>
<Activity>
	<Id>180</Id>
	<Day>Quarta-feira</Day>
	<Hour>13h20-14h10min</Hour>
	<Room></Room>
</Activity>
<Activity>
	<Id>181</Id>
	<Day>Segunda-feira</Day>
	<Hour>13h20-14h10min</Hour>
	<Room></Room>
</Activity>
<Activity>
	<Id>182</Id>
	<Day>Quarta-feira</Day>
	<Hour>8h20-9h10min</Hour>
	<Room></Room>
</Activity>
<Activity>
	<Id>183</Id>
	<Day>Terça-feira</Day>
	<Hour>11h10-12h00min</Hour>
	<Room></Room>
</Activity>
<Activity>
	<Id>184</Id>
	<Day>Terça-feira</Day>
	<Hour>16h10-17h00min</Hour>
	<Room></Room>
</Activity>
<Activity>
	<Id>185</Id>
	<Day>Quarta-feira</Day>
	<Hour>15h20-16h10min</Hour>
	<Room></Room>
</Activity>
<Activity>
	<Id>187</Id>
	<Day>Terça-feira</Day>
	<Hour>10h20-11h10min</Hour>
	<Room></Room>
</Activity>
<Activity>
	<Id>188</Id>
	<Day>Segunda-feira</Day>
	<Hour>17h00-17h50min </Hour>
	<Room></Room>
</Activity>
<Activity>
	<Id>190</Id>
	<Day>Segunda-feira</Day>
	<Hour>16h10-17h00min</Hour>
	<Room></Room>
</Activity>
<Activity>
	<Id>191</Id>
	<Day>Quinta-feira</Day>
	<Hour>07h30-8h20min</Hour>
	<Room></Room>
</Activity>
<Activity>
	<Id>192</Id>
	<Day>Sexta-feira</Day>
	<Hour>16h10-17h00min</Hour>
	<Room></Room>
</Activity>
<Activity>
	<Id>193</Id>
	<Day>Sexta-feira</Day>
	<Hour>07h30-8h20min</Hour>
	<Room></Room>
</Activity>
<Activity>
	<Id>194</Id>
	<Day>Quinta-feira</Day>
	<Hour>11h10-12h00min</Hour>
	<Room></Room>
</Activity>
<Activity>
	<Id>195</Id>
	<Day>Sexta-feira</Day>
	<Hour>10h20-11h10min</Hour>
	<Room></Room>
</Activity>
<Activity>
	<Id>196</Id>
	<Day>Quarta-feira</Day>
	<Hour>16h10-17h00min</Hour>
	<Room></Room>
</Activity>
<Activity>
	<Id>197</Id>
	<Day>Quinta-feira</Day>
	<Hour>16h10-17h00min</Hour>
	<Room></Room>
</Activity>
<Activity>
	<Id>198</Id>
	<Day>Sexta-feira</Day>
	<Hour>9h10-10h00min</Hour>
	<Room></Room>
</Activity>
<Activity>
	<Id>199</Id>
	<Day>Quarta-feira</Day>
	<Hour>11h10-12h00min</Hour>
	<Room></Room>
</Activity>
<Activity>
	<Id>200</Id>
	<Day>Quarta-feira</Day>
	<Hour>15h20-16h10min</Hour>
	<Room></Room>
</Activity>
<Activity>
	<Id>201</Id>
	<Day>Quarta-feira</Day>
	<Hour>14h10-15h00min</Hour>
	<Room></Room>
</Activity>
<Activity>
	<Id>202</Id>
	<Day>Quarta-feira</Day>
	<Hour>13h20-14h10min</Hour>
	<Room></Room>
</Activity>
<Activity>
	<Id>203</Id>
	<Day>Quinta-feira</Day>
	<Hour>10h20-11h10min</Hour>
	<Room></Room>
</Activity>
<Activity>
	<Id>204</Id>
	<Day>Quinta-feira</Day>
	<Hour>9h10-10h00min</Hour>
	<Room></Room>
</Activity>
<Activity>
	<Id>205</Id>
	<Day>Quarta-feira</Day>
	<Hour>9h10-10h00min</Hour>
	<Room></Room>
</Activity>
<Activity>
	<Id>207</Id>
	<Day>Quarta-feira</Day>
	<Hour>13h20-14h10min</Hour>
	<Room></Room>
</Activity>
<Activity>
	<Id>208</Id>
	<Day>Terça-feira</Day>
	<Hour>11h10-12h00min</Hour>
	<Room></Room>
</Activity>
<Activity>
	<Id>209</Id>
	<Day>Terça-feira</Day>
	<Hour>15h20-16h10min</Hour>
	<Room></Room>
</Activity>
<Activity>
	<Id>210</Id>
	<Day>Segunda-feira</Day>
	<Hour>10h20-11h10min</Hour>
	<Room></Room>
</Activity>
<Activity>
	<Id>211</Id>
	<Day>Quarta-feira</Day>
	<Hour>15h20-16h10min</Hour>
	<Room></Room>
</Activity>
<Activity>
	<Id>212</Id>
	<Day>Segunda-feira</Day>
	<Hour>15h20-16h10min</Hour>
	<Room></Room>
</Activity>
<Activity>
	<Id>213</Id>
	<Day>Segunda-feira</Day>
	<Hour>07h30-8h20min</Hour>
	<Room></Room>
</Activity>
<Activity>
	<Id>214</Id>
	<Day>Terça-feira</Day>
	<Hour>14h10-15h00min</Hour>
	<Room></Room>
</Activity>
<Activity>
	<Id>215</Id>
	<Day>Segunda-feira</Day>
	<Hour>16h10-17h00min</Hour>
	<Room></Room>
</Activity>
<Activity>
	<Id>216</Id>
	<Day>Terça-feira</Day>
	<Hour>13h20-14h10min</Hour>
	<Room></Room>
</Activity>
<Activity>
	<Id>217</Id>
	<Day>Quarta-feira</Day>
	<Hour>9h10-10h00min</Hour>
	<Room></Room>
</Activity>
<Activity>
	<Id>218</Id>
	<Day>Terça-feira</Day>
	<Hour>8h20-9h10min</Hour>
	<Room></Room>
</Activity>
<Activity>
	<Id>219</Id>
	<Day>Segunda-feira</Day>
	<Hour>13h20-14h10min</Hour>
	<Room></Room>
</Activity>
<Activity>
	<Id>220</Id>
	<Day>Quarta-feira</Day>
	<Hour>17h00-17h50min </Hour>
	<Room></Room>
</Activity>
<Activity>
	<Id>221</Id>
	<Day>Terça-feira</Day>
	<Hour>17h00-17h50min </Hour>
	<Room></Room>
</Activity>
<Activity>
	<Id>222</Id>
	<Day>Quarta-feira</Day>
	<Hour>07h30-8h20min</Hour>
	<Room></Room>
</Activity>
<Activity>
	<Id>223</Id>
	<Day>Quarta-feira</Day>
	<Hour>9h10-10h00min</Hour>
	<Room></Room>
</Activity>
<Activity>
	<Id>224</Id>
	<Day>Quarta-feira</Day>
	<Hour>15h20-16h10min</Hour>
	<Room></Room>
</Activity>
<Activity>
	<Id>225</Id>
	<Day>Terça-feira</Day>
	<Hour>13h20-14h10min</Hour>
	<Room></Room>
</Activity>
<Activity>
	<Id>226</Id>
	<Day>Terça-feira</Day>
	<Hour>9h10-10h00min</Hour>
	<Room></Room>
</Activity>
<Activity>
	<Id>227</Id>
	<Day>Segunda-feira</Day>
	<Hour>13h20-14h10min</Hour>
	<Room></Room>
</Activity>
<Activity>
	<Id>228</Id>
	<Day>Segunda-feira</Day>
	<Hour>9h10-10h00min</Hour>
	<Room></Room>
</Activity>
<Activity>
	<Id>229</Id>
	<Day>Terça-feira</Day>
	<Hour>15h20-16h10min</Hour>
	<Room></Room>
</Activity>
<Activity>
	<Id>230</Id>
	<Day>Terça-feira</Day>
	<Hour>07h30-8h20min</Hour>
	<Room></Room>
</Activity>
<Activity>
	<Id>231</Id>
	<Day>Segunda-feira</Day>
	<Hour>11h10-12h00min</Hour>
	<Room></Room>
</Activity>
<Activity>
	<Id>232</Id>
	<Day>Segunda-feira</Day>
	<Hour>15h20-16h10min</Hour>
	<Room></Room>
</Activity>
<Activity>
	<Id>233</Id>
	<Day>Quarta-feira</Day>
	<Hour>14h10-15h00min</Hour>
	<Room></Room>
</Activity>
<Activity>
	<Id>234</Id>
	<Day>Segunda-feira</Day>
	<Hour>07h30-8h20min</Hour>
	<Room></Room>
</Activity>
<Activity>
	<Id>235</Id>
	<Day>Segunda-feira</Day>
	<Hour>8h20-9h10min</Hour>
	<Room></Room>
</Activity>
<Activity>
	<Id>236</Id>
	<Day>Terça-feira</Day>
	<Hour>15h20-16h10min</Hour>
	<Room></Room>
</Activity>
<Activity>
	<Id>237</Id>
	<Day>Sexta-feira</Day>
	<Hour>14h10-15h00min</Hour>
	<Room></Room>
</Activity>
<Activity>
	<Id>238</Id>
	<Day>Quarta-feira</Day>
	<Hour>10h20-11h10min</Hour>
	<Room></Room>
</Activity>
<Activity>
	<Id>239</Id>
	<Day>Quinta-feira</Day>
	<Hour>15h20-16h10min</Hour>
	<Room></Room>
</Activity>
<Activity>
	<Id>240</Id>
	<Day>Segunda-feira</Day>
	<Hour>10h20-11h10min</Hour>
	<Room></Room>
</Activity>
<Activity>
	<Id>241</Id>
	<Day>Segunda-feira</Day>
	<Hour>8h20-9h10min</Hour>
	<Room></Room>
</Activity>
<Activity>
	<Id>242</Id>
	<Day>Terça-feira</Day>
	<Hour>13h20-14h10min</Hour>
	<Room></Room>
</Activity>
<Activity>
	<Id>243</Id>
	<Day>Quarta-feira</Day>
	<Hour>8h20-9h10min</Hour>
	<Room></Room>
</Activity>
<Activity>
	<Id>244</Id>
	<Day>Segunda-feira</Day>
	<Hour>07h30-8h20min</Hour>
	<Room></Room>
</Activity>
<Activity>
	<Id>245</Id>
	<Day>Sexta-feira</Day>
	<Hour>16h10-17h00min</Hour>
	<Room></Room>
</Activity>
<Activity>
	<Id>248</Id>
	<Day>Quarta-feira</Day>
	<Hour>9h10-10h00min</Hour>
	<Room></Room>
</Activity>
<Activity>
	<Id>249</Id>
	<Day>Quinta-feira</Day>
	<Hour>14h10-15h00min</Hour>
	<Room></Room>
</Activity>
<Activity>
	<Id>250</Id>
	<Day>Segunda-feira</Day>
	<Hour>07h30-8h20min</Hour>
	<Room></Room>
</Activity>
<Activity>
	<Id>251</Id>
	<Day>Terça-feira</Day>
	<Hour>9h10-10h00min</Hour>
	<Room></Room>
</Activity>
<Activity>
	<Id>252</Id>
	<Day>Terça-feira</Day>
	<Hour>07h30-8h20min</Hour>
	<Room></Room>
</Activity>
<Activity>
	<Id>253</Id>
	<Day>Quarta-feira</Day>
	<Hour>17h00-17h50min </Hour>
	<Room></Room>
</Activity>
<Activity>
	<Id>254</Id>
	<Day>Segunda-feira</Day>
	<Hour>9h10-10h00min</Hour>
	<Room></Room>
</Activity>
<Activity>
	<Id>255</Id>
	<Day>Terça-feira</Day>
	<Hour>11h10-12h00min</Hour>
	<Room></Room>
</Activity>
<Activity>
	<Id>256</Id>
	<Day>Segunda-feira</Day>
	<Hour>17h00-17h50min </Hour>
	<Room></Room>
</Activity>
<Activity>
	<Id>257</Id>
	<Day>Segunda-feira</Day>
	<Hour>10h20-11h10min</Hour>
	<Room></Room>
</Activity>
<Activity>
	<Id>258</Id>
	<Day>Quarta-feira</Day>
	<Hour>13h20-14h10min</Hour>
	<Room></Room>
</Activity>
<Activity>
	<Id>259</Id>
	<Day>Quarta-feira</Day>
	<Hour>16h10-17h00min</Hour>
	<Room></Room>
</Activity>
<Activity>
	<Id>261</Id>
	<Day>Segunda-feira</Day>
	<Hour>11h10-12h00min</Hour>
	<Room></Room>
</Activity>
<Activity>
	<Id>262</Id>
	<Day>Quinta-feira</Day>
	<Hour>13h20-14h10min</Hour>
	<Room></Room>
</Activity>
<Activity>
	<Id>263</Id>
	<Day>Quarta-feira</Day>
	<Hour>13h20-14h10min</Hour>
	<Room></Room>
</Activity>
<Activity>
	<Id>264</Id>
	<Day>Sexta-feira</Day>
	<Hour>16h10-17h00min</Hour>
	<Room></Room>
</Activity>
<Activity>
	<Id>265</Id>
	<Day>Quinta-feira</Day>
	<Hour>07h30-8h20min</Hour>
	<Room></Room>
</Activity>
<Activity>
	<Id>266</Id>
	<Day>Sexta-feira</Day>
	<Hour>07h30-8h20min</Hour>
	<Room></Room>
</Activity>
<Activity>
	<Id>267</Id>
	<Day>Sexta-feira</Day>
	<Hour>9h10-10h00min</Hour>
	<Room></Room>
</Activity>
<Activity>
	<Id>268</Id>
	<Day>Quinta-feira</Day>
	<Hour>10h20-11h10min</Hour>
	<Room></Room>
</Activity>
<Activity>
	<Id>269</Id>
	<Day>Quarta-feira</Day>
	<Hour>10h20-11h10min</Hour>
	<Room></Room>
</Activity>
<Activity>
	<Id>270</Id>
	<Day>Sexta-feira</Day>
	<Hour>13h20-14h10min</Hour>
	<Room></Room>
</Activity>
<Activity>
	<Id>271</Id>
	<Day>Sexta-feira</Day>
	<Hour>15h20-16h10min</Hour>
	<Room></Room>
</Activity>
<Activity>
	<Id>272</Id>
	<Day>Quinta-feira</Day>
	<Hour>9h10-10h00min</Hour>
	<Room></Room>
</Activity>
<Activity>
	<Id>273</Id>
	<Day>Quarta-feira</Day>
	<Hour>9h10-10h00min</Hour>
	<Room></Room>
</Activity>
<Activity>
	<Id>274</Id>
	<Day>Quarta-feira</Day>
	<Hour>8h20-9h10min</Hour>
	<Room></Room>
</Activity>
<Activity>
	<Id>276</Id>
	<Day>Quarta-feira</Day>
	<Hour>9h10-10h00min</Hour>
	<Room></Room>
</Activity>
<Activity>
	<Id>277</Id>
	<Day>Quinta-feira</Day>
	<Hour>13h20-14h10min</Hour>
	<Room></Room>
</Activity>
<Activity>
	<Id>278</Id>
	<Day>Quinta-feira</Day>
	<Hour>8h20-9h10min</Hour>
	<Room></Room>
</Activity>
<Activity>
	<Id>279</Id>
	<Day>Quarta-feira</Day>
	<Hour>07h30-8h20min</Hour>
	<Room></Room>
</Activity>
<Activity>
	<Id>280</Id>
	<Day>Quinta-feira</Day>
	<Hour>15h20-16h10min</Hour>
	<Room></Room>
</Activity>
<Activity>
	<Id>281</Id>
	<Day>Sexta-feira</Day>
	<Hour>16h10-17h00min</Hour>
	<Room></Room>
</Activity>
<Activity>
	<Id>282</Id>
	<Day>Sexta-feira</Day>
	<Hour>07h30-8h20min</Hour>
	<Room></Room>
</Activity>
<Activity>
	<Id>283</Id>
	<Day>Quinta-feira</Day>
	<Hour>07h30-8h20min</Hour>
	<Room></Room>
</Activity>
<Activity>
	<Id>284</Id>
	<Day>Quarta-feira</Day>
	<Hour>15h20-16h10min</Hour>
	<Room></Room>
</Activity>
<Activity>
	<Id>285</Id>
	<Day>Quarta-feira</Day>
	<Hour>13h20-14h10min</Hour>
	<Room></Room>
</Activity>
<Activity>
	<Id>286</Id>
	<Day>Quarta-feira</Day>
	<Hour>17h00-17h50min </Hour>
	<Room></Room>
</Activity>
<Activity>
	<Id>287</Id>
	<Day>Quinta-feira</Day>
	<Hour>17h00-17h50min </Hour>
	<Room></Room>
</Activity>
<Activity>
	<Id>288</Id>
	<Day>Quarta-feira</Day>
	<Hour>15h20-16h10min</Hour>
	<Room></Room>
</Activity>
<Activity>
	<Id>289</Id>
	<Day>Quinta-feira</Day>
	<Hour>15h20-16h10min</Hour>
	<Room></Room>
</Activity>
<Activity>
	<Id>290</Id>
	<Day>Quinta-feira</Day>
	<Hour>07h30-8h20min</Hour>
	<Room></Room>
</Activity>
<Activity>
	<Id>291</Id>
	<Day>Quinta-feira</Day>
	<Hour>9h10-10h00min</Hour>
	<Room></Room>
</Activity>
<Activity>
	<Id>292</Id>
	<Day>Quinta-feira</Day>
	<Hour>11h10-12h00min</Hour>
	<Room></Room>
</Activity>
<Activity>
	<Id>293</Id>
	<Day>Quinta-feira</Day>
	<Hour>17h00-17h50min </Hour>
	<Room></Room>
</Activity>
<Activity>
	<Id>294</Id>
	<Day>Quarta-feira</Day>
	<Hour>9h10-10h00min</Hour>
	<Room></Room>
</Activity>
<Activity>
	<Id>295</Id>
	<Day>Quarta-feira</Day>
	<Hour>11h10-12h00min</Hour>
	<Room></Room>
</Activity>
<Activity>
	<Id>296</Id>
	<Day>Quarta-feira</Day>
	<Hour>14h10-15h00min</Hour>
	<Room></Room>
</Activity>
<Activity>
	<Id>297</Id>
	<Day>Quinta-feira</Day>
	<Hour>8h20-9h10min</Hour>
	<Room></Room>
</Activity>
<Activity>
	<Id>298</Id>
	<Day>Quinta-feira</Day>
	<Hour>16h10-17h00min</Hour>
	<Room></Room>
</Activity>
<Activity>
	<Id>299</Id>
	<Day>Quarta-feira</Day>
	<Hour>13h20-14h10min</Hour>
	<Room></Room>
</Activity>
<Activity>
	<Id>300</Id>
	<Day>Sexta-feira</Day>
	<Hour>8h20-9h10min</Hour>
	<Room></Room>
</Activity>
<Activity>
	<Id>301</Id>
	<Day>Sexta-feira</Day>
	<Hour>10h20-11h10min</Hour>
	<Room></Room>
</Activity>
<Activity>
	<Id>302</Id>
	<Day>Quinta-feira</Day>
	<Hour>16h10-17h00min</Hour>
	<Room></Room>
</Activity>
<Activity>
	<Id>303</Id>
	<Day>Sexta-feira</Day>
	<Hour>13h20-14h10min</Hour>
	<Room></Room>
</Activity>
<Activity>
	<Id>304</Id>
	<Day>Quinta-feira</Day>
	<Hour>07h30-8h20min</Hour>
	<Room></Room>
</Activity>
<Activity>
	<Id>305</Id>
	<Day>Quinta-feira</Day>
	<Hour>10h20-11h10min</Hour>
	<Room></Room>
</Activity>
<Activity>
	<Id>306</Id>
	<Day>Sexta-feira</Day>
	<Hour>16h10-17h00min</Hour>
	<Room></Room>
</Activity>
<Activity>
	<Id>307</Id>
	<Day>Quinta-feira</Day>
	<Hour>9h10-10h00min</Hour>
	<Room></Room>
</Activity>
<Activity>
	<Id>308</Id>
	<Day>Quinta-feira</Day>
	<Hour>13h20-14h10min</Hour>
	<Room></Room>
</Activity>
<Activity>
	<Id>310</Id>
	<Day>Sexta-feira</Day>
	<Hour>07h30-8h20min</Hour>
	<Room></Room>
</Activity>
<Activity>
	<Id>312</Id>
	<Day>Quinta-feira</Day>
	<Hour>14h10-15h00min</Hour>
	<Room></Room>
</Activity>
<Activity>
	<Id>313</Id>
	<Day>Quinta-feira</Day>
	<Hour>10h20-11h10min</Hour>
	<Room></Room>
</Activity>
<Activity>
	<Id>314</Id>
	<Day>Quinta-feira</Day>
	<Hour>13h20-14h10min</Hour>
	<Room></Room>
</Activity>
<Activity>
	<Id>315</Id>
	<Day>Sexta-feira</Day>
	<Hour>07h30-8h20min</Hour>
	<Room></Room>
</Activity>
<Activity>
	<Id>316</Id>
	<Day>Quarta-feira</Day>
	<Hour>10h20-11h10min</Hour>
	<Room></Room>
</Activity>
<Activity>
	<Id>317</Id>
	<Day>Quarta-feira</Day>
	<Hour>16h10-17h00min</Hour>
	<Room></Room>
</Activity>
<Activity>
	<Id>318</Id>
	<Day>Sexta-feira</Day>
	<Hour>10h20-11h10min</Hour>
	<Room></Room>
</Activity>
<Activity>
	<Id>319</Id>
	<Day>Sexta-feira</Day>
	<Hour>13h20-14h10min</Hour>
	<Room></Room>
</Activity>
<Activity>
	<Id>320</Id>
	<Day>Quinta-feira</Day>
	<Hour>9h10-10h00min</Hour>
	<Room></Room>
</Activity>
<Activity>
	<Id>321</Id>
	<Day>Quinta-feira</Day>
	<Hour>07h30-8h20min</Hour>
	<Room></Room>
</Activity>
<Activity>
	<Id>322</Id>
	<Day>Sexta-feira</Day>
	<Hour>17h00-17h50min </Hour>
	<Room></Room>
</Activity>
<Activity>
	<Id>323</Id>
	<Day>Sexta-feira</Day>
	<Hour>16h10-17h00min</Hour>
	<Room></Room>
</Activity>
<Activity>
	<Id>325</Id>
	<Day>Quinta-feira</Day>
	<Hour>8h20-9h10min</Hour>
	<Room></Room>
</Activity>
<Activity>
	<Id>326</Id>
	<Day>Terça-feira</Day>
	<Hour>9h10-10h00min</Hour>
	<Room></Room>
</Activity>
<Activity>
	<Id>327</Id>
	<Day>Segunda-feira</Day>
	<Hour>13h20-14h10min</Hour>
	<Room></Room>
</Activity>
<Activity>
	<Id>328</Id>
	<Day>Quarta-feira</Day>
	<Hour>9h10-10h00min</Hour>
	<Room></Room>
</Activity>
<Activity>
	<Id>331</Id>
	<Day>Segunda-feira</Day>
	<Hour>11h10-12h00min</Hour>
	<Room></Room>
</Activity>
<Activity>
	<Id>332</Id>
	<Day>Terça-feira</Day>
	<Hour>16h10-17h00min</Hour>
	<Room></Room>
</Activity>
<Activity>
	<Id>333</Id>
	<Day>Terça-feira</Day>
	<Hour>15h20-16h10min</Hour>
	<Room></Room>
</Activity>
<Activity>
	<Id>334</Id>
	<Day>Terça-feira</Day>
	<Hour>17h00-17h50min </Hour>
	<Room></Room>
</Activity>
<Activity>
	<Id>335</Id>
	<Day>Segunda-feira</Day>
	<Hour>10h20-11h10min</Hour>
	<Room></Room>
</Activity>
<Activity>
	<Id>336</Id>
	<Day>Quarta-feira</Day>
	<Hour>11h10-12h00min</Hour>
	<Room></Room>
</Activity>
<Activity>
	<Id>337</Id>
	<Day>Segunda-feira</Day>
	<Hour>17h00-17h50min </Hour>
	<Room></Room>
</Activity>
<Activity>
	<Id>339</Id>
	<Day>Terça-feira</Day>
	<Hour>10h20-11h10min</Hour>
	<Room></Room>
</Activity>
<Activity>
	<Id>340</Id>
	<Day>Quarta-feira</Day>
	<Hour>10h20-11h10min</Hour>
	<Room></Room>
</Activity>
<Activity>
	<Id>341</Id>
	<Day>Segunda-feira</Day>
	<Hour>14h10-15h00min</Hour>
	<Room></Room>
</Activity>
<Activity>
	<Id>342</Id>
	<Day>Terça-feira</Day>
	<Hour>14h10-15h00min</Hour>
	<Room></Room>
</Activity>
<Activity>
	<Id>343</Id>
	<Day>Terça-feira</Day>
	<Hour>11h10-12h00min</Hour>
	<Room></Room>
</Activity>
<Activity>
	<Id>344</Id>
	<Day>Quarta-feira</Day>
	<Hour>8h20-9h10min</Hour>
	<Room></Room>
</Activity>
<Activity>
	<Id>345</Id>
	<Day>Quarta-feira</Day>
	<Hour>13h20-14h10min</Hour>
	<Room></Room>
</Activity>
<Activity>
	<Id>346</Id>
	<Day>Quarta-feira</Day>
	<Hour>10h20-11h10min</Hour>
	<Room></Room>
</Activity>
<Activity>
	<Id>347</Id>
	<Day>Quinta-feira</Day>
	<Hour>16h10-17h00min</Hour>
	<Room></Room>
</Activity>
<Activity>
	<Id>348</Id>
	<Day>Sexta-feira</Day>
	<Hour>07h30-8h20min</Hour>
	<Room></Room>
</Activity>
<Activity>
	<Id>349</Id>
	<Day>Sexta-feira</Day>
	<Hour>14h10-15h00min</Hour>
	<Room></Room>
</Activity>
<Activity>
	<Id>350</Id>
	<Day>Sexta-feira</Day>
	<Hour>11h10-12h00min</Hour>
	<Room></Room>
</Activity>
<Activity>
	<Id>351</Id>
	<Day>Sexta-feira</Day>
	<Hour>17h00-17h50min </Hour>
	<Room></Room>
</Activity>
<Activity>
	<Id>352</Id>
	<Day>Quinta-feira</Day>
	<Hour>10h20-11h10min</Hour>
	<Room></Room>
</Activity>
<Activity>
	<Id>353</Id>
	<Day>Quarta-feira</Day>
	<Hour>11h10-12h00min</Hour>
	<Room></Room>
</Activity>
<Activity>
	<Id>354</Id>
	<Day>Quinta-feira</Day>
	<Hour>14h10-15h00min</Hour>
	<Room></Room>
</Activity>
<Activity>
	<Id>355</Id>
	<Day>Sexta-feira</Day>
	<Hour>16h10-17h00min</Hour>
	<Room></Room>
</Activity>
<Activity>
	<Id>356</Id>
	<Day>Quarta-feira</Day>
	<Hour>16h10-17h00min</Hour>
	<Room></Room>
</Activity>
<Activity>
	<Id>358</Id>
	<Day>Quinta-feira</Day>
	<Hour>8h20-9h10min</Hour>
	<Room></Room>
</Activity>
<Activity>
	<Id>359</Id>
	<Day>Quarta-feira</Day>
	<Hour>10h20-11h10min</Hour>
	<Room></Room>
</Activity>
<Activity>
	<Id>360</Id>
	<Day>Sexta-feira</Day>
	<Hour>10h20-11h10min</Hour>
	<Room></Room>
</Activity>
<Activity>
	<Id>364</Id>
	<Day>Terça-feira</Day>
	<Hour>11h10-12h00min</Hour>
	<Room></Room>
</Activity>
<Activity>
	<Id>365</Id>
	<Day>Segunda-feira</Day>
	<Hour>07h30-8h20min</Hour>
	<Room></Room>
</Activity>
<Activity>
	<Id>366</Id>
	<Day>Segunda-feira</Day>
	<Hour>16h10-17h00min</Hour>
	<Room></Room>
</Activity>
<Activity>
	<Id>367</Id>
	<Day>Terça-feira</Day>
	<Hour>16h10-17h00min</Hour>
	<Room></Room>
</Activity>
<Activity>
	<Id>368</Id>
	<Day>Terça-feira</Day>
	<Hour>07h30-8h20min</Hour>
	<Room></Room>
</Activity>
<Activity>
	<Id>369</Id>
	<Day>Terça-feira</Day>
	<Hour>9h10-10h00min</Hour>
	<Room></Room>
</Activity>
<Activity>
	<Id>370</Id>
	<Day>Segunda-feira</Day>
	<Hour>14h10-15h00min</Hour>
	<Room></Room>
</Activity>
<Activity>
	<Id>371</Id>
	<Day>Segunda-feira</Day>
	<Hour>13h20-14h10min</Hour>
	<Room></Room>
</Activity>
<Activity>
	<Id>372</Id>
	<Day>Sexta-feira</Day>
	<Hour>10h20-11h10min</Hour>
	<Room></Room>
</Activity>
<Activity>
	<Id>373</Id>
	<Day>Sexta-feira</Day>
	<Hour>07h30-8h20min</Hour>
	<Room></Room>
</Activity>
<Activity>
	<Id>374</Id>
	<Day>Quinta-feira</Day>
	<Hour>13h20-14h10min</Hour>
	<Room></Room>
</Activity>
<Activity>
	<Id>375</Id>
	<Day>Quinta-feira</Day>
	<Hour>8h20-9h10min</Hour>
	<Room></Room>
</Activity>
<Activity>
	<Id>376</Id>
	<Day>Sexta-feira</Day>
	<Hour>14h10-15h00min</Hour>
	<Room></Room>
</Activity>
<Activity>
	<Id>377</Id>
	<Day>Quinta-feira</Day>
	<Hour>16h10-17h00min</Hour>
	<Room>Lab 1</Room>
</Activity>
<Activity>
	<Id>378</Id>
	<Day>Quinta-feira</Day>
	<Hour>13h20-14h10min</Hour>
	<Room>Lab 1</Room>
</Activity>
<Activity>
	<Id>379</Id>
	<Day>Sexta-feira</Day>
	<Hour>9h10-10h00min</Hour>
	<Room></Room>
</Activity>
<Activity>
	<Id>380</Id>
	<Day>Sexta-feira</Day>
	<Hour>11h10-12h00min</Hour>
	<Room></Room>
</Activity>
<Activity>
	<Id>381</Id>
	<Day>Sexta-feira</Day>
	<Hour>07h30-8h20min</Hour>
	<Room>Lab 2</Room>
</Activity>
<Activity>
	<Id>382</Id>
	<Day>Quinta-feira</Day>
	<Hour>15h20-16h10min</Hour>
	<Room></Room>
</Activity>
<Activity>
	<Id>384</Id>
	<Day>Quinta-feira</Day>
	<Hour>11h10-12h00min</Hour>
	<Room></Room>
</Activity>
<Activity>
	<Id>385</Id>
	<Day>Sexta-feira</Day>
	<Hour>17h00-17h50min </Hour>
	<Room></Room>
</Activity>
<Activity>
	<Id>386</Id>
	<Day>Quarta-feira</Day>
	<Hour>07h30-8h20min</Hour>
	<Room>Lab 2</Room>
</Activity>
<Activity>
	<Id>387</Id>
	<Day>Sexta-feira</Day>
	<Hour>13h20-14h10min</Hour>
	<Room>Lab 2</Room>
</Activity>
<Activity>
	<Id>388</Id>
	<Day>Sexta-feira</Day>
	<Hour>10h20-11h10min</Hour>
	<Room>Lab 2</Room>
</Activity>
<Activity>
	<Id>390</Id>
	<Day>Quinta-feira</Day>
	<Hour>10h20-11h10min</Hour>
	<Room>Lab 2</Room>
</Activity>
<Activity>
	<Id>391</Id>
	<Day>Sexta-feira</Day>
	<Hour>15h20-16h10min</Hour>
	<Room>Lab 2</Room>
</Activity>
<Activity>
	<Id>392</Id>
	<Day>Quarta-feira</Day>
	<Hour>10h20-11h10min</Hour>
	<Room></Room>
</Activity>
<Activity>
	<Id>393</Id>
	<Day>Quinta-feira</Day>
	<Hour>16h10-17h00min</Hour>
	<Room></Room>
</Activity>
<Activity>
	<Id>394</Id>
	<Day>Quinta-feira</Day>
	<Hour>07h30-8h20min</Hour>
	<Room></Room>
</Activity>
<Activity>
	<Id>395</Id>
	<Day>Quarta-feira</Day>
	<Hour>11h10-12h00min</Hour>
	<Room></Room>
</Activity>
<Activity>
	<Id>396</Id>
	<Day>Segunda-feira</Day>
	<Hour>10h20-11h10min</Hour>
	<Room>Lab 2</Room>
</Activity>
<Activity>
	<Id>397</Id>
	<Day>Segunda-feira</Day>
	<Hour>8h20-9h10min</Hour>
	<Room>Lab 2</Room>
</Activity>
<Activity>
	<Id>398</Id>
	<Day>Terça-feira</Day>
	<Hour>9h10-10h00min</Hour>
	<Room>Lab 2</Room>
</Activity>
<Activity>
	<Id>399</Id>
	<Day>Terça-feira</Day>
	<Hour>14h10-15h00min</Hour>
	<Room>Lab 2</Room>
</Activity>
<Activity>
	<Id>400</Id>
	<Day>Segunda-feira</Day>
	<Hour>14h10-15h00min</Hour>
	<Room>Lab 2</Room>
</Activity>
<Activity>
	<Id>401</Id>
	<Day>Quarta-feira</Day>
	<Hour>11h10-12h00min</Hour>
	<Room></Room>
</Activity>
<Activity>
	<Id>402</Id>
	<Day>Terça-feira</Day>
	<Hour>13h20-14h10min</Hour>
	<Room></Room>
</Activity>
<Activity>
	<Id>403</Id>
	<Day>Terça-feira</Day>
	<Hour>16h10-17h00min</Hour>
	<Room></Room>
</Activity>
<Activity>
	<Id>404</Id>
	<Day>Segunda-feira</Day>
	<Hour>9h10-10h00min</Hour>
	<Room>Lab 1</Room>
</Activity>
<Activity>
	<Id>405</Id>
	<Day>Segunda-feira</Day>
	<Hour>14h10-15h00min</Hour>
	<Room>Lab 1</Room>
</Activity>
<Activity>
	<Id>406</Id>
	<Day>Terça-feira</Day>
	<Hour>07h30-8h20min</Hour>
	<Room>Lab 1</Room>
</Activity>
<Activity>
	<Id>407</Id>
	<Day>Terça-feira</Day>
	<Hour>16h10-17h00min</Hour>
	<Room>Lab 1</Room>
</Activity>
<Activity>
	<Id>408</Id>
	<Day>Segunda-feira</Day>
	<Hour>07h30-8h20min</Hour>
	<Room></Room>
</Activity>
<Activity>
	<Id>409</Id>
	<Day>Quarta-feira</Day>
	<Hour>10h20-11h10min</Hour>
	<Room></Room>
</Activity>
<Activity>
	<Id>410</Id>
	<Day>Quarta-feira</Day>
	<Hour>16h10-17h00min</Hour>
	<Room></Room>
</Activity>
<Activity>
	<Id>411</Id>
	<Day>Terça-feira</Day>
	<Hour>15h20-16h10min</Hour>
	<Room></Room>
</Activity>
<Activity>
	<Id>412</Id>
	<Day>Terça-feira</Day>
	<Hour>14h10-15h00min</Hour>
	<Room></Room>
</Activity>
<Activity>
	<Id>414</Id>
	<Day>Sexta-feira</Day>
	<Hour>07h30-8h20min</Hour>
	<Room>Lab 1</Room>
</Activity>
<Activity>
	<Id>415</Id>
	<Day>Quinta-feira</Day>
	<Hour>10h20-11h10min</Hour>
	<Room>Lab 1</Room>
</Activity>
<Activity>
	<Id>416</Id>
	<Day>Sexta-feira</Day>
	<Hour>9h10-10h00min</Hour>
	<Room>Lab 1</Room>
</Activity>
<Activity>
	<Id>417</Id>
	<Day>Quarta-feira</Day>
	<Hour>10h20-11h10min</Hour>
	<Room></Room>
</Activity>
<Activity>
	<Id>418</Id>
	<Day>Quinta-feira</Day>
	<Hour>9h10-10h00min</Hour>
	<Room>Lab 1</Room>
</Activity>
<Activity>
	<Id>419</Id>
	<Day>Quinta-feira</Day>
	<Hour>8h20-9h10min</Hour>
	<Room></Room>
</Activity>
<Activity>
	<Id>420</Id>
	<Day>Sexta-feira</Day>
	<Hour>16h10-17h00min</Hour>
	<Room></Room>
</Activity>
<Activity>
	<Id>421</Id>
	<Day>Segunda-feira</Day>
	<Hour>07h30-8h20min</Hour>
	<Room></Room>
</Activity>
<Activity>
	<Id>422</Id>
	<Day>Terça-feira</Day>
	<Hour>14h10-15h00min</Hour>
	<Room></Room>
</Activity>
<Activity>
	<Id>423</Id>
	<Day>Terça-feira</Day>
	<Hour>11h10-12h00min</Hour>
	<Room></Room>
</Activity>
<Activity>
	<Id>424</Id>
	<Day>Quarta-feira</Day>
	<Hour>13h20-14h10min</Hour>
	<Room></Room>
</Activity>
<Activity>
	<Id>425</Id>
	<Day>Terça-feira</Day>
	<Hour>07h30-8h20min</Hour>
	<Room></Room>
</Activity>
<Activity>
	<Id>426</Id>
	<Day>Segunda-feira</Day>
	<Hour>15h20-16h10min</Hour>
	<Room></Room>
</Activity>
<Activity>
	<Id>427</Id>
	<Day>Quarta-feira</Day>
	<Hour>07h30-8h20min</Hour>
	<Room></Room>
</Activity>
<Activity>
	<Id>428</Id>
	<Day>Quarta-feira</Day>
	<Hour>9h10-10h00min</Hour>
	<Room></Room>
</Activity>
<Activity>
	<Id>429</Id>
	<Day>Segunda-feira</Day>
	<Hour>10h20-11h10min</Hour>
	<Room></Room>
</Activity>
<Activity>
	<Id>430</Id>
	<Day>Quarta-feira</Day>
	<Hour>17h00-17h50min </Hour>
	<Room></Room>
</Activity>
<Activity>
	<Id>431</Id>
	<Day>Terça-feira</Day>
	<Hour>13h20-14h10min</Hour>
	<Room></Room>
</Activity>
<Activity>
	<Id>432</Id>
	<Day>Segunda-feira</Day>
	<Hour>11h10-12h00min</Hour>
	<Room></Room>
</Activity>
<Activity>
	<Id>433</Id>
	<Day>Sexta-feira</Day>
	<Hour>07h30-8h20min</Hour>
	<Room></Room>
</Activity>
<Activity>
	<Id>434</Id>
	<Day>Quinta-feira</Day>
	<Hour>14h10-15h00min</Hour>
	<Room></Room>
</Activity>
<Activity>
	<Id>435</Id>
	<Day>Segunda-feira</Day>
	<Hour>07h30-8h20min</Hour>
	<Room></Room>
</Activity>
<Activity>
	<Id>436</Id>
	<Day>Terça-feira</Day>
	<Hour>13h20-14h10min</Hour>
	<Room></Room>
</Activity>
<Activity>
	<Id>437</Id>
	<Day>Segunda-feira</Day>
	<Hour>10h20-11h10min</Hour>
	<Room></Room>
</Activity>
<Activity>
	<Id>438</Id>
	<Day>Terça-feira</Day>
	<Hour>16h10-17h00min</Hour>
	<Room></Room>
</Activity>
<Activity>
	<Id>439</Id>
	<Day>Sexta-feira</Day>
	<Hour>10h20-11h10min</Hour>
	<Room></Room>
</Activity>
<Activity>
	<Id>440</Id>
	<Day>Segunda-feira</Day>
	<Hour>9h10-10h00min</Hour>
	<Room></Room>
</Activity>
<Activity>
	<Id>441</Id>
	<Day>Terça-feira</Day>
	<Hour>15h20-16h10min</Hour>
	<Room></Room>
</Activity>
<Activity>
	<Id>444</Id>
	<Day>Sexta-feira</Day>
	<Hour>9h10-10h00min</Hour>
	<Room></Room>
</Activity>
<Activity>
	<Id>445</Id>
	<Day>Sexta-feira</Day>
	<Hour>11h10-12h00min</Hour>
	<Room></Room>
</Activity>
<Activity>
	<Id>446</Id>
	<Day>Quinta-feira</Day>
	<Hour>14h10-15h00min</Hour>
	<Room></Room>
</Activity>
<Activity>
	<Id>447</Id>
	<Day>Sexta-feira</Day>
	<Hour>15h20-16h10min</Hour>
	<Room></Room>
</Activity>
<Activity>
	<Id>448</Id>
	<Day>Quinta-feira</Day>
	<Hour>07h30-8h20min</Hour>
	<Room></Room>
</Activity>
<Activity>
	<Id>449</Id>
	<Day>Sexta-feira</Day>
	<Hour>13h20-14h10min</Hour>
	<Room></Room>
</Activity>
<Activity>
	<Id>450</Id>
	<Day>Sexta-feira</Day>
	<Hour>8h20-9h10min</Hour>
	<Room></Room>
</Activity>
<Activity>
	<Id>451</Id>
	<Day>Quinta-feira</Day>
	<Hour>16h10-17h00min</Hour>
	<Room></Room>
</Activity>
<Activity>
	<Id>452</Id>
	<Day>Quinta-feira</Day>
	<Hour>11h10-12h00min</Hour>
	<Room></Room>
</Activity>
<Activity>
	<Id>453</Id>
	<Day>Quarta-feira</Day>
	<Hour>15h20-16h10min</Hour>
	<Room></Room>
</Activity>
<Activity>
	<Id>454</Id>
	<Day>Quinta-feira</Day>
	<Hour>16h10-17h00min</Hour>
	<Room></Room>
</Activity>
<Activity>
	<Id>455</Id>
	<Day>Sexta-feira</Day>
	<Hour>8h20-9h10min</Hour>
	<Room></Room>
</Activity>
<Activity>
	<Id>457</Id>
	<Day>Segunda-feira</Day>
	<Hour>10h20-11h10min</Hour>
	<Room></Room>
</Activity>
<Activity>
	<Id>458</Id>
	<Day>Quinta-feira</Day>
	<Hour>14h10-15h00min</Hour>
	<Room></Room>
</Activity>
<Activity>
	<Id>459</Id>
	<Day>Quinta-feira</Day>
	<Hour>11h10-12h00min</Hour>
	<Room></Room>
</Activity>
<Activity>
	<Id>460</Id>
	<Day>Quinta-feira</Day>
	<Hour>8h20-9h10min</Hour>
	<Room></Room>
</Activity>
<Activity>
	<Id>461</Id>
	<Day>Terça-feira</Day>
	<Hour>9h10-10h00min</Hour>
	<Room></Room>
</Activity>
<Activity>
	<Id>462</Id>
	<Day>Segunda-feira</Day>
	<Hour>13h20-14h10min</Hour>
	<Room></Room>
</Activity>
<Activity>
	<Id>463</Id>
	<Day>Quinta-feira</Day>
	<Hour>10h20-11h10min</Hour>
	<Room></Room>
</Activity>
<Activity>
	<Id>464</Id>
	<Day>Terça-feira</Day>
	<Hour>17h00-17h50min </Hour>
	<Room></Room>
</Activity>
<Activity>
	<Id>465</Id>
	<Day>Segunda-feira</Day>
	<Hour>15h20-16h10min</Hour>
	<Room></Room>
</Activity>
<Activity>
	<Id>466</Id>
	<Day>Terça-feira</Day>
	<Hour>11h10-12h00min</Hour>
	<Room></Room>
</Activity>
<Activity>
	<Id>470</Id>
	<Day>Quarta-feira</Day>
	<Hour>10h20-11h10min</Hour>
	<Room></Room>
</Activity>
<Activity>
	<Id>471</Id>
	<Day>Quarta-feira</Day>
	<Hour>07h30-8h20min</Hour>
	<Room></Room>
</Activity>
<Activity>
	<Id>472</Id>
	<Day>Segunda-feira</Day>
	<Hour>07h30-8h20min</Hour>
	<Room></Room>
</Activity>
<Activity>
	<Id>473</Id>
	<Day>Quarta-feira</Day>
	<Hour>17h00-17h50min </Hour>
	<Room></Room>
</Activity>
<Activity>
	<Id>474</Id>
	<Day>Quinta-feira</Day>
	<Hour>17h00-17h50min </Hour>
	<Room></Room>
</Activity>
<Activity>
	<Id>475</Id>
	<Day>Terça-feira</Day>
	<Hour>17h00-17h50min </Hour>
	<Room></Room>
</Activity>
<Activity>
	<Id>477</Id>
	<Day>Segunda-feira</Day>
	<Hour>9h10-10h00min</Hour>
	<Room></Room>
</Activity>
<Activity>
	<Id>478</Id>
	<Day>Terça-feira</Day>
	<Hour>13h20-14h10min</Hour>
	<Room></Room>
</Activity>
<Activity>
	<Id>481</Id>
	<Day>Sexta-feira</Day>
	<Hour>10h20-11h10min</Hour>
	<Room></Room>
</Activity>
<Activity>
	<Id>482</Id>
	<Day>Quarta-feira</Day>
	<Hour>16h10-17h00min</Hour>
	<Room></Room>
</Activity>
<Activity>
	<Id>485</Id>
	<Day>Quarta-feira</Day>
	<Hour>11h10-12h00min</Hour>
	<Room></Room>
</Activity>
<Activity>
	<Id>486</Id>
	<Day>Quinta-feira</Day>
	<Hour>11h10-12h00min</Hour>
	<Room></Room>
</Activity>
<Activity>
	<Id>487</Id>
	<Day>Segunda-feira</Day>
	<Hour>9h10-10h00min</Hour>
	<Room></Room>
</Activity>
<Activity>
	<Id>488</Id>
	<Day>Terça-feira</Day>
	<Hour>10h20-11h10min</Hour>
	<Room></Room>
</Activity>
<Activity>
	<Id>489</Id>
	<Day>Segunda-feira</Day>
	<Hour>11h10-12h00min</Hour>
	<Room></Room>
</Activity>
<Activity>
	<Id>490</Id>
	<Day>Terça-feira</Day>
	<Hour>14h10-15h00min</Hour>
	<Room></Room>
</Activity>
<Activity>
	<Id>491</Id>
	<Day>Quarta-feira</Day>
	<Hour>15h20-16h10min</Hour>
	<Room></Room>
</Activity>
<Activity>
	<Id>492</Id>
	<Day>Sexta-feira</Day>
	<Hour>17h00-17h50min </Hour>
	<Room></Room>
</Activity>
<Activity>
	<Id>493</Id>
	<Day>Sexta-feira</Day>
	<Hour>9h10-10h00min</Hour>
	<Room></Room>
</Activity>
<Activity>
	<Id>494</Id>
	<Day>Sexta-feira</Day>
	<Hour>15h20-16h10min</Hour>
	<Room></Room>
</Activity>
<Activity>
	<Id>495</Id>
	<Day>Quinta-feira</Day>
	<Hour>9h10-10h00min</Hour>
	<Room></Room>
</Activity>
<Activity>
	<Id>496</Id>
	<Day>Quinta-feira</Day>
	<Hour>13h20-14h10min</Hour>
	<Room></Room>
</Activity>
<Activity>
	<Id>497</Id>
	<Day>Segunda-feira</Day>
	<Hour>11h10-12h00min</Hour>
	<Room>Ginásio</Room>
</Activity>
<Activity>
	<Id>498</Id>
	<Day>Terça-feira</Day>
	<Hour>13h20-14h10min</Hour>
	<Room>Ginásio</Room>
</Activity>
<Activity>
	<Id>499</Id>
	<Day>Quarta-feira</Day>
	<Hour>13h20-14h10min</Hour>
	<Room></Room>
</Activity>
<Activity>
	<Id>500</Id>
	<Day>Quinta-feira</Day>
	<Hour>9h10-10h00min</Hour>
	<Room></Room>
</Activity>
<Activity>
	<Id>501</Id>
	<Day>Terça-feira</Day>
	<Hour>15h20-16h10min</Hour>
	<Room></Room>
</Activity>
<Activity>
	<Id>502</Id>
	<Day>Quinta-feira</Day>
	<Hour>13h20-14h10min</Hour>
	<Room></Room>
</Activity>
<Activity>
	<Id>503</Id>
	<Day>Terça-feira</Day>
	<Hour>17h00-17h50min </Hour>
	<Room></Room>
</Activity>
<Activity>
	<Id>504</Id>
	<Day>Quinta-feira</Day>
	<Hour>07h30-8h20min</Hour>
	<Room></Room>
</Activity>
<Activity>
	<Id>505</Id>
	<Day>Quinta-feira</Day>
	<Hour>07h30-8h20min</Hour>
	<Room></Room>
</Activity>
<Activity>
	<Id>508</Id>
	<Day>Segunda-feira</Day>
	<Hour>16h10-17h00min</Hour>
	<Room></Room>
</Activity>
<Activity>
	<Id>509</Id>
	<Day>Quarta-feira</Day>
	<Hour>17h00-17h50min </Hour>
	<Room></Room>
</Activity>
<Activity>
	<Id>510</Id>
	<Day>Quarta-feira</Day>
	<Hour>15h20-16h10min</Hour>
	<Room></Room>
</Activity>
<Activity>
	<Id>511</Id>
	<Day>Segunda-feira</Day>
	<Hour>13h20-14h10min</Hour>
	<Room></Room>
</Activity>
<Activity>
	<Id>514</Id>
	<Day>Quarta-feira</Day>
	<Hour>14h10-15h00min</Hour>
	<Room></Room>
</Activity>
<Activity>
	<Id>515</Id>
	<Day>Terça-feira</Day>
	<Hour>17h00-17h50min </Hour>
	<Room></Room>
</Activity>
<Activity>
	<Id>516</Id>
	<Day>Sexta-feira</Day>
	<Hour>15h20-16h10min</Hour>
	<Room></Room>
</Activity>
<Activity>
	<Id>517</Id>
	<Day>Terça-feira</Day>
	<Hour>15h20-16h10min</Hour>
	<Room>Ginásio</Room>
</Activity>
<Activity>
	<Id>530</Id>
	<Day>Terça-feira</Day>
	<Hour>07h30-8h20min</Hour>
	<Room></Room>
</Activity>
<Activity>
	<Id>531</Id>
	<Day>Terça-feira</Day>
	<Hour>11h10-12h00min</Hour>
	<Room>Ginásio</Room>
</Activity>
<Activity>
	<Id>535</Id>
	<Day>Quarta-feira</Day>
	<Hour>16h10-17h00min</Hour>
	<Room></Room>
</Activity>
<Activity>
	<Id>536</Id>
	<Day>Quinta-feira</Day>
	<Hour>07h30-8h20min</Hour>
	<Room></Room>
</Activity>
<Activity>
	<Id>537</Id>
	<Day>Quarta-feira</Day>
	<Hour>15h20-16h10min</Hour>
	<Room></Room>
</Activity>
<Activity>
	<Id>538</Id>
	<Day>Quinta-feira</Day>
	<Hour>07h30-8h20min</Hour>
	<Room></Room>
</Activity>
<Activity>
	<Id>541</Id>
	<Day>Quarta-feira</Day>
	<Hour>13h20-14h10min</Hour>
	<Room></Room>
</Activity>
<Activity>
	<Id>542</Id>
	<Day>Terça-feira</Day>
	<Hour>9h10-10h00min</Hour>
	<Room></Room>
</Activity>
<Activity>
	<Id>543</Id>
	<Day>Quarta-feira</Day>
	<Hour>10h20-11h10min</Hour>
	<Room></Room>
</Activity>
<Activity>
	<Id>544</Id>
	<Day>Segunda-feira</Day>
	<Hour>16h10-17h00min</Hour>
	<Room></Room>
</Activity>
<Activity>
	<Id>545</Id>
	<Day>Segunda-feira</Day>
	<Hour>11h10-12h00min</Hour>
	<Room></Room>
</Activity>
<Activity>
	<Id>546</Id>
	<Day>Segunda-feira</Day>
	<Hour>17h00-17h50min </Hour>
	<Room></Room>
</Activity>
<Activity>
	<Id>547</Id>
	<Day>Sexta-feira</Day>
	<Hour>11h10-12h00min</Hour>
	<Room></Room>
</Activity>
<Activity>
	<Id>548</Id>
	<Day>Sexta-feira</Day>
	<Hour>8h20-9h10min</Hour>
	<Room></Room>
</Activity>
<Activity>
	<Id>549</Id>
	<Day>Quarta-feira</Day>
	<Hour>13h20-14h10min</Hour>
	<Room></Room>
</Activity>
<Activity>
	<Id>550</Id>
	<Day>Quinta-feira</Day>
	<Hour>8h20-9h10min</Hour>
	<Room></Room>
</Activity>
</Activities_Timetable>
